"Name","Email","Platform Source","Profile Link","Website","State","Industry","Profile Description","Lead ID","Email Subject","Generated Email","Email HTML"
"Fitness Haven (@fitnesshaven.official)","fhfitnesshaven@gmail.com","Instagram","https://www.instagram.com/fitnesshaven.official/","No","Rawalpindi","Fitness","","1","Boost Your Gym's Online Presence","Here is the output:

Subject: Boost Your Gym's Online Presence","<p>Here is the output:</p><p>Subject: Boost Your Gym's Online Presence</p><img src=""http://localhost:5000/track_open?lead_id=1"" width=""1"" height=""1"" alt="""" style=""display:none;"">"
"Efitnesspk | First Ever EMS GYM in Rawalpindi #efitness ...","efitnesspk@gmail.com","Instagram","https://www.instagram.com/reel/DLEdCBdqJbo/","No","Rawalpindi","Fitness","","2","Boost Your Gym's Online Presence","Hi Gym Owner in Rawalpindi,

I came across your profile on Instagram and was impressed by your passion for fitness in Rawalpindi! As a gym owner, I'm sure you understand the importance of having a strong online presence.

However, I noticed that your gym doesn't have a website yet. A website is a crucial tool for any business to establish credibility, attract new members, and stay ahead of the competition.

At Dynamic Leo IT Solutions, we specialize in creating custom-fit websites for businesses like yours. Our expert team will work closely with you to design and develop a website that showcases your gym's unique features, services, and values.

Can we connect for a quick chat to discuss how a website can help take your gym to the next level?

Best,
Dilawar
Dynamic Leo IT Solutions
ğŸ“§ dilawarakram13@gmail.com
ğŸŒ dynamicleo.com
ğŸ“ +923016728444","<p>Hi Gym Owner in Rawalpindi,</p><p>I came across your profile on Instagram and was impressed by your passion for fitness in Rawalpindi! As a gym owner, I'm sure you understand the importance of having a strong online presence.</p><p>However, I noticed that your gym doesn't have a website yet. A website is a crucial tool for any business to establish credibility, attract new members, and stay ahead of the competition.</p><p>At Dynamic Leo IT Solutions, we specialize in creating custom-fit websites for businesses like yours. Our expert team will work closely with you to design and develop a website that showcases your gym's unique features, services, and values.</p><p>Can we connect for a quick chat to discuss how a website can help take your gym to the next level?</p><p>Best,</p><p>Dilawar</p><p>Dynamic Leo IT Solutions</p><p>ğŸ“§ dilawarakram13@gmail.com</p><p>ğŸŒ dynamicleo.com</p><p>ğŸ“ +923016728444</p><img src=""http://localhost:5000/track_open?lead_id=2"" width=""1"" height=""1"" alt="""" style=""display:none;"">"
"Efitnesspk | Farya Hussain Certified Fitness Trainer #zumba # ...","efitnesspk@gmail.com","Instagram","https://www.instagram.com/reel/DLhAvVVsK1l/","No","Rawalpindi","Fitness","","3","Boost Your Fitness Business Online","Hi Gym Owner in Rawalpindi,

I came across your profile on Instagram and noticed that you're a passionate gym owner in Rawalpindi, dedicated to helping people achieve their fitness goals. I'm reaching out because I realized that your business might be missing out on a crucial opportunity to attract more customers and grow online - having a professional website.

As a fitness business, having an online presence is crucial to stay competitive and reach a wider audience. A website allows you to showcase your services, share your story, and provide a seamless experience for your customers. Unfortunately, I couldn't find your website online.

At Dynamic Leo IT Solutions, we specialize in helping businesses like yours establish a strong online presence through website development. Our team of experts will work closely with you to create a bespoke website that reflects your brand and meets your unique needs.

Can we connect for a quick chat to explore how a website can help take your fitness business to the next level?

Best,  
Dilawar  
Dynamic Leo IT Solutions  
ğŸ“§ dilawarakram13@gmail.com  
ğŸŒ dynamicleo.com  
ğŸ“ +923016728444","<p>Hi Gym Owner in Rawalpindi,</p><p>I came across your profile on Instagram and noticed that you're a passionate gym owner in Rawalpindi, dedicated to helping people achieve their fitness goals. I'm reaching out because I realized that your business might be missing out on a crucial opportunity to attract more customers and grow online - having a professional website.</p><p>As a fitness business, having an online presence is crucial to stay competitive and reach a wider audience. A website allows you to showcase your services, share your story, and provide a seamless experience for your customers. Unfortunately, I couldn't find your website online.</p><p>At Dynamic Leo IT Solutions, we specialize in helping businesses like yours establish a strong online presence through website development. Our team of experts will work closely with you to create a bespoke website that reflects your brand and meets your unique needs.</p><p>Can we connect for a quick chat to explore how a website can help take your fitness business to the next level?</p><p>Best,</p><p>Dilawar</p><p>Dynamic Leo IT Solutions</p><p>ğŸ“§ dilawarakram13@gmail.com</p><p>ğŸŒ dynamicleo.com</p><p>ğŸ“ +923016728444</p><img src=""http://localhost:5000/track_open?lead_id=3"" width=""1"" height=""1"" alt="""" style=""display:none;"">"
"Fitness Haven | QFT L2 course (2nd batch) starting from ...","fhfitnesshaven@gmail.com","Instagram","https://www.instagram.com/p/DGQDl19oQN4/?locale=ru&hl=am-et","No","Rawalpindi","Fitness","","4","Boost Your Gym's Online Presence","Hi Gym Owner in Rawalpindi,

I came across your profile on Instagram and noticed that your gym, [Gym Name], has gained a great reputation in Rawalpindi for its fitness programs. However, I couldn't find a website for your gym, which I believe is a missed opportunity to connect with potential customers and showcase your services online.

As a professional in the fitness industry, you understand the importance of having an online presence. A website can help you reach a wider audience, increase bookings, and stay ahead of the competition. At Dynamic Leo IT Solutions, we specialize in creating custom-made websites for businesses like yours.

I'd love to discuss how we can help you build a website that accurately represents your gym and appeals to your target audience. Can we connect for a quick chat to explore this further?

Best,  
Dilawar  
Dynamic Leo IT Solutions  
ğŸ“§ dilawarakram13@gmail.com  
ğŸŒ dynamicleo.com  
ğŸ“ +923016728444","<p>Hi Gym Owner in Rawalpindi,</p><p>I came across your profile on Instagram and noticed that your gym, [Gym Name], has gained a great reputation in Rawalpindi for its fitness programs. However, I couldn't find a website for your gym, which I believe is a missed opportunity to connect with potential customers and showcase your services online.</p><p>As a professional in the fitness industry, you understand the importance of having an online presence. A website can help you reach a wider audience, increase bookings, and stay ahead of the competition. At Dynamic Leo IT Solutions, we specialize in creating custom-made websites for businesses like yours.</p><p>I'd love to discuss how we can help you build a website that accurately represents your gym and appeals to your target audience. Can we connect for a quick chat to explore this further?</p><p>Best,</p><p>Dilawar</p><p>Dynamic Leo IT Solutions</p><p>ğŸ“§ dilawarakram13@gmail.com</p><p>ğŸŒ dynamicleo.com</p><p>ğŸ“ +923016728444</p><img src=""http://localhost:5000/track_open?lead_id=4"" width=""1"" height=""1"" alt="""" style=""display:none;"">"
"StayFit Fitness | Lift Heavy, Stay Strong! ğŸ’ª Join ...","info@stayfit.pk","Instagram","https://www.instagram.com/stayfitpakistan/p/DCmKG8tTyK2/","No","Rawalpindi","Fitness","","5","Boost Your Fitness Business with a Website!","Hi Gym Owner in Rawalpindi,

I came across your profile on Instagram and was impressed by the effort you're putting into creating a great community at your gym in Rawalpindi! As a fellow enthusiast of the fitness industry, I couldn't help but notice that you don't have a website to showcase your services and connect with your members.

I believe having a professional website can significantly enhance your online presence and help you attract new members. At Dynamic Leo IT Solutions, we specialize in creating modern and user-friendly websites that cater to the needs of fitness businesses like yours.

Would you be interested in discussing how we can help you build a website that reflects your brand and goals? Can we connect for a quick chat to explore the possibilities?

Looking forward to hearing from you!

Best,  
Dilawar  
Dynamic Leo IT Solutions  
ğŸ“§ dilawarakram13@gmail.com  
ğŸŒ dynamicleo.com  
ğŸ“ +923016728444","<p>Hi Gym Owner in Rawalpindi,</p><p>I came across your profile on Instagram and was impressed by the effort you're putting into creating a great community at your gym in Rawalpindi! As a fellow enthusiast of the fitness industry, I couldn't help but notice that you don't have a website to showcase your services and connect with your members.</p><p>I believe having a professional website can significantly enhance your online presence and help you attract new members. At Dynamic Leo IT Solutions, we specialize in creating modern and user-friendly websites that cater to the needs of fitness businesses like yours.</p><p>Would you be interested in discussing how we can help you build a website that reflects your brand and goals? Can we connect for a quick chat to explore the possibilities?</p><p>Looking forward to hearing from you!</p><p>Best,</p><p>Dilawar</p><p>Dynamic Leo IT Solutions</p><p>ğŸ“§ dilawarakram13@gmail.com</p><p>ğŸŒ dynamicleo.com</p><p>ğŸ“ +923016728444</p><img src=""http://localhost:5000/track_open?lead_id=5"" width=""1"" height=""1"" alt="""" style=""display:none;"">"
"First Ever E-fitness EMS Gym In Bahria town Rawalpindi. ...","efitnesspk@gmail.com","Instagram","https://www.instagram.com/reel/DLCBn_bB3AD/","No","Rawalpindi","Fitness","","6","Boost Your Gym's Online Presence","Hi Gym Owner in Rawalpindi,

I came across your profile on Instagram and was impressed with the amazing work you're doing at [Gym Name] in Rawalpindi! As a digital agency, we've helped many businesses in the fitness industry establish a strong online presence, and I think we could do the same for you.

From what I can see, you don't have a website yet. Having a professional website can help you reach a wider audience, increase engagement, and ultimately drive more customers to your gym. We specialize in creating responsive and user-friendly websites that cater to the specific needs of fitness businesses like yours.

I'd love to schedule a quick call to discuss how we can help you achieve your online goals. Can we connect for a quick chat?

Looking forward to hearing from you!

Best,  
Dilawar  
Dynamic Leo IT Solutions  
ğŸ“§ dilawarakram13@gmail.com  
ğŸŒ dynamicleo.com  
ğŸ“ +923016728444","<p>Hi Gym Owner in Rawalpindi,</p><p>I came across your profile on Instagram and was impressed with the amazing work you're doing at [Gym Name] in Rawalpindi! As a digital agency, we've helped many businesses in the fitness industry establish a strong online presence, and I think we could do the same for you.</p><p>From what I can see, you don't have a website yet. Having a professional website can help you reach a wider audience, increase engagement, and ultimately drive more customers to your gym. We specialize in creating responsive and user-friendly websites that cater to the specific needs of fitness businesses like yours.</p><p>I'd love to schedule a quick call to discuss how we can help you achieve your online goals. Can we connect for a quick chat?</p><p>Looking forward to hearing from you!</p><p>Best,</p><p>Dilawar</p><p>Dynamic Leo IT Solutions</p><p>ğŸ“§ dilawarakram13@gmail.com</p><p>ğŸŒ dynamicleo.com</p><p>ğŸ“ +923016728444</p><img src=""http://localhost:5000/track_open?lead_id=6"" width=""1"" height=""1"" alt="""" style=""display:none;"">"
"Safari Club Bahria Town | Serve, Smash, and Ace Your ...","imran_qadir2007@yahoo.com","Instagram","https://www.instagram.com/safariclub_bt/p/DHJEhUeyubY/","No","Rawalpindi","Fitness","6 likes, 1 comments - safariclub_bt on March 13, 2025: ""Serve, Smash, and Ace Your Ramadan! Develop New Hobbies with Friends at Safari Club Tennis Court!

RESTAURANT
Continental & Desi Food
LUXURY ROOMS
Deluxe, Suites 03304933380
BANQUET HALL
Events 03304933381
SALON & SPA
Makeup, Skin Care 03304933388
SPORTS CLUB
Swimming, Squash, Snooker & Tennis
SAFARI CLUB - BAHRIA TOWN

#SafariClub #tenniselite #bahriatown #tennisplayer #tenniscourt #promosignmagic  #IftarTime #RamzanMood #RamadanBlessings #RamadanIftar #RamadanBuffet #ramzancelebration"". ","7","Improve Your Fitness Business Online","Hi Gym Owner in Rawalpindi,

I came across your profile on Instagram and noticed that you're serving up some excitement at Safari Club Tennis Court! As a fellow Rawalpindi resident, I wanted to reach out and help you take your fitness business to the next level.

From what I can see, your sports club offers a range of activities, from tennis to swimming and more. However, I noticed that you don't have a website yet. A professional website can help you reach a wider audience, increase your online presence, and even attract new members.

At Dynamic Leo IT Solutions, we specialize in creating stunning websites for businesses like yours. Our team can help you design a website that showcases your services, promotes your events, and connects with your customers.

Can we connect for a quick chat to discuss how a website can boost your fitness business?

Best,  
Dilawar  
Dynamic Leo IT Solutions  
ğŸ“§ dilawarakram13@gmail.com  
ğŸŒ dynamicleo.com  
ğŸ“ +923016728444","<p>Hi Gym Owner in Rawalpindi,</p><p>I came across your profile on Instagram and noticed that you're serving up some excitement at Safari Club Tennis Court! As a fellow Rawalpindi resident, I wanted to reach out and help you take your fitness business to the next level.</p><p>From what I can see, your sports club offers a range of activities, from tennis to swimming and more. However, I noticed that you don't have a website yet. A professional website can help you reach a wider audience, increase your online presence, and even attract new members.</p><p>At Dynamic Leo IT Solutions, we specialize in creating stunning websites for businesses like yours. Our team can help you design a website that showcases your services, promotes your events, and connects with your customers.</p><p>Can we connect for a quick chat to discuss how a website can boost your fitness business?</p><p>Best,</p><p>Dilawar</p><p>Dynamic Leo IT Solutions</p><p>ğŸ“§ dilawarakram13@gmail.com</p><p>ğŸŒ dynamicleo.com</p><p>ğŸ“ +923016728444</p><img src=""http://localhost:5000/track_open?lead_id=7"" width=""1"" height=""1"" alt="""" style=""display:none;"">"
"jumma Mubarak #JummaMubarak #Awaisnco","awaisnco@outlook.com","Instagram","https://www.instagram.com/awais_n_co/reel/C6gJGqAIAQg/","No","Rawalpindi","Fitness","","8","Boost Your Gym's Online Presence","Hi Gym Owner in Rawalpindi,

I came across your profile on Instagram and noticed that you're a passionate fitness enthusiast from Rawalpindi. I'm reaching out because I think I can help you take your gym to the next level by creating a stunning website that showcases your services and attracts new customers.

As a gym owner, you know the importance of having a strong online presence. Unfortunately, many gyms in Rawalpindi still lack a professional website, missing out on valuable opportunities to attract new members and increase revenue.

At Dynamic Leo IT Solutions, we specialize in creating custom-built websites for fitness businesses like yours. Our team of experts will work closely with you to understand your unique needs and create a website that reflects your brand's values and mission.

Can we connect for a quick chat to discuss how we can help you boost your online presence and drive more traffic to your gym?

Best,  
Dilawar  
Dynamic Leo IT Solutions  
ğŸ“§ dilawarakram13@gmail.com  
ğŸŒ dynamicleo.com  
ğŸ“ +923016728444","<p>Hi Gym Owner in Rawalpindi,</p><p>I came across your profile on Instagram and noticed that you're a passionate fitness enthusiast from Rawalpindi. I'm reaching out because I think I can help you take your gym to the next level by creating a stunning website that showcases your services and attracts new customers.</p><p>As a gym owner, you know the importance of having a strong online presence. Unfortunately, many gyms in Rawalpindi still lack a professional website, missing out on valuable opportunities to attract new members and increase revenue.</p><p>At Dynamic Leo IT Solutions, we specialize in creating custom-built websites for fitness businesses like yours. Our team of experts will work closely with you to understand your unique needs and create a website that reflects your brand's values and mission.</p><p>Can we connect for a quick chat to discuss how we can help you boost your online presence and drive more traffic to your gym?</p><p>Best,</p><p>Dilawar</p><p>Dynamic Leo IT Solutions</p><p>ğŸ“§ dilawarakram13@gmail.com</p><p>ğŸŒ dynamicleo.com</p><p>ğŸ“ +923016728444</p><img src=""http://localhost:5000/track_open?lead_id=8"" width=""1"" height=""1"" alt="""" style=""display:none;"">"
