Name,Email,Platform Source,Profile Link,Website,State,Industry,Profile Description
Fitness Haven (@fitnesshaven.official),fhfitnesshaven@gmail.com,Instagram,https://www.instagram.com/fitnesshaven.official/,No,Rawalpindi,Fitness,
Efitnesspk | First Ever EMS GYM in Rawalpindi #efitness ...,efitnesspk@gmail.com,Instagram,https://www.instagram.com/reel/DLEdCBdqJbo/,No,Rawalpindi,Fitness,
Efitnesspk | Farya Hussain Certified Fitness Trainer #zumba # ...,efitnesspk@gmail.com,Instagram,https://www.instagram.com/reel/DLhAvVVsK1l/,No,Rawalpindi,Fitness,
Fitness Haven | QFT L2 course (2nd batch) starting from ...,fhfitnesshaven@gmail.com,Instagram,https://www.instagram.com/p/DGQDl19oQN4/?locale=ru&hl=am-et,No,Rawalpindi,Fitness,
"StayFit Fitness | Lift Heavy, Stay Strong! ðŸ’ª Join ...",info@stayfit.pk,Instagram,https://www.instagram.com/stayfitpakistan/p/DCmKG8tTyK2/,No,Rawalpindi,Fitness,
First Ever E-fitness EMS Gym In Bahria town Rawalpindi. ...,efitnesspk@gmail.com,Instagram,https://www.instagram.com/reel/DLCBn_bB3AD/,No,Rawalpindi,Fitness,
"Safari Club Bahria Town | Serve, Smash, and Ace Your ...",imran_qadir2007@yahoo.com,Instagram,https://www.instagram.com/safariclub_bt/p/DHJEhUeyubY/,No,Rawalpindi,Fitness,"6 likes, 1 comments - safariclub_bt on March 13, 2025: ""Serve, Smash, and Ace Your Ramadan! Develop New Hobbies with Friends at Safari Club Tennis Court!

RESTAURANT
Continental & Desi Food
LUXURY ROOMS
Deluxe, Suites 03304933380
BANQUET HALL
Events 03304933381
SALON & SPA
Makeup, Skin Care 03304933388
SPORTS CLUB
Swimming, Squash, Snooker & Tennis
SAFARI CLUB - BAHRIA TOWN

#SafariClub #tenniselite #bahriatown #tennisplayer #tenniscourt #promosignmagic  #IftarTime #RamzanMood #RamadanBlessings #RamadanIftar #RamadanBuffet #ramzancelebration"". "
jumma Mubarak #JummaMubarak #Awaisnco,awaisnco@outlook.com,Instagram,https://www.instagram.com/awais_n_co/reel/C6gJGqAIAQg/,No,Rawalpindi,Fitness,
