Name,Email,Platform Source,Profile Link,Website,State,Industry,Profile Description,Lead ID,Email Subject,Generated Email,Email HTML,Delivery Status,Opened,Reply Text,Reply Sentiment
Dental Specialist Clinic (@dental. ... - Instagram,dental.specialist.clinic01@gmail.com,Instagram,https://www.instagram.com/dental.specialist.clinic/,No,Rawalpindi,Clinic,,1,Boost Clinic Visibility in Rawalpindi,"Hi Clinic Manager in Rawalpindi,

I came across your profile on Instagram and noticed that your clinic doesn't have an official website yet. As a Clinic Manager in Rawalpindi, I'm sure you understand the importance of having an online presence in today's digital age.

At Dynamic Leo IT Solutions, we specialize in creating custom websites for clinics like yours. Our expert team will work closely with you to design and develop a website that accurately reflects your clinic's brand and services, and helps you attract more patients in Rawalpindi.

Can we connect for a quick chat to discuss how we can help your clinic thrive online?

Best,  
Dilawar  
Dynamic Leo IT Solutions  
ğŸ“§ dilawarakram13@gmail.com  
ğŸŒ dynamicleo.com  
ğŸ“ +923016728444","<p>Hi Clinic Manager in Rawalpindi,</p><p>I came across your profile on Instagram and noticed that your clinic doesn't have an official website yet. As a Clinic Manager in Rawalpindi, I'm sure you understand the importance of having an online presence in today's digital age.</p><p>At Dynamic Leo IT Solutions, we specialize in creating custom websites for clinics like yours. Our expert team will work closely with you to design and develop a website that accurately reflects your clinic's brand and services, and helps you attract more patients in Rawalpindi.</p><p>Can we connect for a quick chat to discuss how we can help your clinic thrive online?</p><p>Best,</p><p>Dilawar</p><p>Dynamic Leo IT Solutions</p><p>ğŸ“§ dilawarakram13@gmail.com</p><p>ğŸŒ dynamicleo.com</p><p>ğŸ“ +923016728444</p><img src=""http://localhost:5000/track_open?lead_id=1"" width=""1"" height=""1"" alt="""" style=""display:none;"">",Sent,No,,
A very simple yet elegant bridal look for this lovely bride ...,hr@depilexonline.com,Instagram,https://www.instagram.com/depilexgroup/p/CL_zbBvD5v2/,No,Rawalpindi,Clinic,,2,Boost Your Clinic's Online Presence,"Hi Clinic Manager in Rawalpindi,

I came across your clinic's profile on Instagram and noticed that you don't have a website yet! As a clinic manager in Rawalpindi, you understand the importance of having an online presence to reach a wider audience and attract new patients.

At Dynamic Leo IT Solutions, we specialize in creating stunning websites for healthcare providers like yourself. Our team will work closely with you to design a website that reflects your clinic's brand and values, making it easy for patients to find and book appointments online.

Can we connect for a quick chat to discuss how a website can benefit your clinic? I'd love to share some insights and answer any questions you may have.

Looking forward to hearing from you!

Best,  
Dilawar  
Dynamic Leo IT Solutions  
ğŸ“§ dilawarakram13@gmail.com  
ğŸŒ dynamicleo.com  
ğŸ“ +923016728444","<p>Hi Clinic Manager in Rawalpindi,</p><p>I came across your clinic's profile on Instagram and noticed that you don't have a website yet! As a clinic manager in Rawalpindi, you understand the importance of having an online presence to reach a wider audience and attract new patients.</p><p>At Dynamic Leo IT Solutions, we specialize in creating stunning websites for healthcare providers like yourself. Our team will work closely with you to design a website that reflects your clinic's brand and values, making it easy for patients to find and book appointments online.</p><p>Can we connect for a quick chat to discuss how a website can benefit your clinic? I'd love to share some insights and answer any questions you may have.</p><p>Looking forward to hearing from you!</p><p>Best,</p><p>Dilawar</p><p>Dynamic Leo IT Solutions</p><p>ğŸ“§ dilawarakram13@gmail.com</p><p>ğŸŒ dynamicleo.com</p><p>ğŸ“ +923016728444</p><img src=""http://localhost:5000/track_open?lead_id=2"" width=""1"" height=""1"" alt="""" style=""display:none;"">",Sent,No,,
ğŸ”¹ Healthy Minds â€“ Hiring ABA Therapist (Rawalpindi) ğŸ”¹ ...,info.psychpak@gmail.com,Instagram,https://www.instagram.com/p/DJZJJlrO1s_/,No,Rawalpindi,Clinic,,3,Boost Patient Engagement with a Clinic Website,"Hi Clinic Manager in Rawalpindi,

I came across your clinic on Instagram and noticed that you don't have a website yet. As a clinic manager in Rawalpindi, I'm sure you understand the importance of having a strong online presence to attract and retain patients.

At Dynamic Leo IT Solutions, we specialize in creating user-friendly and responsive websites for healthcare clinics like yours. Our team can help you build a professional website that showcases your services, doctors, and patient reviews.

I'd love to discuss how a website can benefit your clinic and answer any questions you may have. Can we connect for a quick chat?

Best,  
Dilawar  
Dynamic Leo IT Solutions  
ğŸ“§ dilawarakram13@gmail.com  
ğŸŒ dynamicleo.com  
ğŸ“ +923016728444","<p>Hi Clinic Manager in Rawalpindi,</p><p>I came across your clinic on Instagram and noticed that you don't have a website yet. As a clinic manager in Rawalpindi, I'm sure you understand the importance of having a strong online presence to attract and retain patients.</p><p>At Dynamic Leo IT Solutions, we specialize in creating user-friendly and responsive websites for healthcare clinics like yours. Our team can help you build a professional website that showcases your services, doctors, and patient reviews.</p><p>I'd love to discuss how a website can benefit your clinic and answer any questions you may have. Can we connect for a quick chat?</p><p>Best,</p><p>Dilawar</p><p>Dynamic Leo IT Solutions</p><p>ğŸ“§ dilawarakram13@gmail.com</p><p>ğŸŒ dynamicleo.com</p><p>ğŸ“ +923016728444</p><img src=""http://localhost:5000/track_open?lead_id=3"" width=""1"" height=""1"" alt="""" style=""display:none;"">",Sent,No,,
Our qualified team is all geared up in BASES rawalpindi to ...,basesrwp@gmail.com,Instagram,https://www.instagram.com/basesinc/p/COnGUzHAXyf/,No,Rawalpindi,Clinic,,4,Boost Your Clinic's Online Presence,"Hi Clinic Manager in Rawalpindi,

I came across your profile on Instagram and noticed that your clinic in Rawalpindi doesn't have a website yet! I understand the importance of having a strong online presence, especially in today's digital age.

As a Clinic Manager, you must be aware of the benefits of having a dedicated website to showcase your services, share testimonials, and attract new patients. I'd love to help you achieve this goal.

At Dynamic Leo IT Solutions, we specialize in creating custom-made websites for clinics like yours. Our team of experts will work closely with you to understand your unique needs and create a website that perfectly reflects your brand.

Can we connect for a quick chat to discuss how we can help you take your clinic's online presence to the next level?

Looking forward to hearing from you.

Best,  
Dilawar  
Dynamic Leo IT Solutions  
ğŸ“§ dilawarakram13@gmail.com  
ğŸŒ dynamicleo.com  
ğŸ“ +923016728444","<p>Hi Clinic Manager in Rawalpindi,</p><p>I came across your profile on Instagram and noticed that your clinic in Rawalpindi doesn't have a website yet! I understand the importance of having a strong online presence, especially in today's digital age.</p><p>As a Clinic Manager, you must be aware of the benefits of having a dedicated website to showcase your services, share testimonials, and attract new patients. I'd love to help you achieve this goal.</p><p>At Dynamic Leo IT Solutions, we specialize in creating custom-made websites for clinics like yours. Our team of experts will work closely with you to understand your unique needs and create a website that perfectly reflects your brand.</p><p>Can we connect for a quick chat to discuss how we can help you take your clinic's online presence to the next level?</p><p>Looking forward to hearing from you.</p><p>Best,</p><p>Dilawar</p><p>Dynamic Leo IT Solutions</p><p>ğŸ“§ dilawarakram13@gmail.com</p><p>ğŸŒ dynamicleo.com</p><p>ğŸ“ +923016728444</p><img src=""http://localhost:5000/track_open?lead_id=4"" width=""1"" height=""1"" alt="""" style=""display:none;"">",Sent,No,,
"Al-Hussain Hospital Opposite Main Harley Street,Dhamial ...",alhussainhospital@gmail.com,Instagram,https://www.instagram.com/p/CteLOdxIIpw/,No,Rawalpindi,Clinic,,5,Boost Your Clinic's Online Presence,"Hi Clinic Manager in Rawalpindi,

I came across your clinic's profile on Instagram and noticed that you don't have a website yet. As a clinic manager in Rawalpindi, you understand the importance of having an online presence to attract new patients and stay ahead of the competition.

At Dynamic Leo IT Solutions, we specialize in creating user-friendly and responsive websites that cater to the healthcare industry. Our team of experts will work closely with you to design a website that reflects your clinic's unique identity and meets the needs of your patients.

Can we connect for a quick chat to discuss how a website can benefit your clinic and take your online presence to the next level?

Best,  
Dilawar  
Dynamic Leo IT Solutions  
ğŸ“§ dilawarakram13@gmail.com  
ğŸŒ dynamicleo.com  
ğŸ“ +923016728444","<p>Hi Clinic Manager in Rawalpindi,</p><p>I came across your clinic's profile on Instagram and noticed that you don't have a website yet. As a clinic manager in Rawalpindi, you understand the importance of having an online presence to attract new patients and stay ahead of the competition.</p><p>At Dynamic Leo IT Solutions, we specialize in creating user-friendly and responsive websites that cater to the healthcare industry. Our team of experts will work closely with you to design a website that reflects your clinic's unique identity and meets the needs of your patients.</p><p>Can we connect for a quick chat to discuss how a website can benefit your clinic and take your online presence to the next level?</p><p>Best,</p><p>Dilawar</p><p>Dynamic Leo IT Solutions</p><p>ğŸ“§ dilawarakram13@gmail.com</p><p>ğŸŒ dynamicleo.com</p><p>ğŸ“ +923016728444</p><img src=""http://localhost:5000/track_open?lead_id=5"" width=""1"" height=""1"" alt="""" style=""display:none;"">",Sent,No,,
Kinifit is the only physiotherapy brand offering services ...,info@kinifit.com,Instagram,https://www.instagram.com/p/DCRAymkPd6y/,No,Rawalpindi,Clinic,"5 likes, 0 comments - kinifitclinic on November 12, 2024: ""Kinifit is the only physiotherapy brand offering services across Islamabad and Rawalpindi with qualified and experienced physiotherapists. Whether you need clinic-based care or home visits, weâ€™re here to help you recover and feel your best. Book your appointment today!

ğŸ“ Contact: +92-51-591-5971 | +92-336-5946934
ğŸŒ Visit: www.kinifit.com
ğŸ“§ Email: info@kinifit.com

#KinifitPhysiotherapy #Physiotherapy #Rehabilitation #PainRelief #SportsPhysiotherapy #HomeVisitPhysiotherapy #ExperiencedPhysiotherapists #Rawalpindi #Islamabad #PhysiotherapyClinic #HealthyLiving #RecoverWithKinifit"". ",6,ERROR,ERROR,"<p>ERROR</p><img src=""http://localhost:5000/track_open?lead_id=6"" width=""1"" height=""1"" alt="""" style=""display:none;"">",Sent,No,,
Amanat Eye Hospitals around Pakistan ...,info@amanathospital.com,Instagram,https://www.instagram.com/amanateyehospitals/p/CBxE-QmJooV/,No,Rawalpindi,Clinic,"23 likes, 0 comments - amanateyehospitals on June 22, 2020: ""Amanat Eye Hospitals around Pakistan have the solution to all your Eye Health Care needs with the help of the best eye specialists in their respective fields. ğŸ…ğŸ…ğŸ©º
Your ğŸ‘ğŸ‘s are Precious to US.
Follow us on Facebook and Instagram for regular insights and updates. 
Contact information below ğŸ‘‡ğŸ»ğŸ‘‡ğŸ» Website: www.amanathospital.com ğŸ‘€

Email: info@amanathospital.comğŸ’»ğŸ“§ WhatsApp 0300 0545879ğŸ“²

Rawalpindi/islamabad Clinic: 051-8439993

Jhelum Clinic: 0544-274180/1

Lahore: 042-35754208/
0335-5011162 (WhatsApp)

Peshawar 0300 0545872
.
.
.
#lasereyesurgery#femtolasik#lahore#lifestyle#change#pakistan#newperspectives#glasses#freedom#cataractsurgery#instadaily#punjabpakistan#punjabi#newlife#inspiration#eyecare#healthcare#eyecare#eyecaretips#feedback#eyesight#laservisioncorrection#highlyrecommended#dogsofinstagram#instagrammarketing#digitalmarketing#rawalpindi#islamabad#peshawar#jhelum"". ",7,Boost Your Clinic's Online Presence,"Hi Clinic Manager in Rawalpindi,

I came across your profile on Instagram and was impressed by Amanat Eye Hospitals' commitment to providing top-notch eye healthcare services in Rawalpindi. As a Clinic Manager, you understand the importance of having a strong online presence to attract patients and maintain a competitive edge.

I noticed that your hospital doesn't have a website, which is a missed opportunity to showcase your services, expertise, and testimonials online. At Dynamic Leo IT Solutions, we specialize in creating custom websites that help medical professionals like you build credibility and grow their business.

I'd love to discuss how a professional website can benefit Amanat Eye Hospitals. Can we connect for a quick chat to explore how our services can help you achieve your goals?

Best,  
Dilawar  
Dynamic Leo IT Solutions  
ğŸ“§ dilawarakram13@gmail.com  
ğŸŒ dynamicleo.com  
ğŸ“ +923016728444","<p>Hi Clinic Manager in Rawalpindi,</p><p>I came across your profile on Instagram and was impressed by Amanat Eye Hospitals' commitment to providing top-notch eye healthcare services in Rawalpindi. As a Clinic Manager, you understand the importance of having a strong online presence to attract patients and maintain a competitive edge.</p><p>I noticed that your hospital doesn't have a website, which is a missed opportunity to showcase your services, expertise, and testimonials online. At Dynamic Leo IT Solutions, we specialize in creating custom websites that help medical professionals like you build credibility and grow their business.</p><p>I'd love to discuss how a professional website can benefit Amanat Eye Hospitals. Can we connect for a quick chat to explore how our services can help you achieve your goals?</p><p>Best,</p><p>Dilawar</p><p>Dynamic Leo IT Solutions</p><p>ğŸ“§ dilawarakram13@gmail.com</p><p>ğŸŒ dynamicleo.com</p><p>ğŸ“ +923016728444</p><img src=""http://localhost:5000/track_open?lead_id=7"" width=""1"" height=""1"" alt="""" style=""display:none;"">",Sent,No,,
